feature	metadata	value	coef	stderr	N	N.not.0	pval	qval
Acidobacteria	Temperature	Hot	0.000933509703337749	0.000236990153074577	90	90	0.000176888969442866	0.00495289114440024
Chloroflexi	Temperature	Hot	0.00126694105764204	0.000351916370805485	90	90	0.000556965729900974	0.00779752021861363
Actinobacteria..201174.	Temperature	Hot	-1.14167324174776	0.375884954597289	90	90	0.00324565615762542	0.0302927908045039
Ascomycota	Temperature	Hot	0.00736912826072336	0.00338627163698675	90	90	0.0325685179664528	0.22797962576517
